{"count":1,"self":193.23391999999998,"total":379.033213,"children":{"InitializeActuators":{"count":1,"self":0.0023599999999999997,"total":0.0023599999999999997,"children":null},"InitializeSensors":{"count":1,"self":0.0035359999999999996,"total":0.0035359999999999996,"children":null},"AgentSendState":{"count":183134,"self":3.278746,"total":4.846617,"children":{"CollectObservations":{"count":36627,"self":0.28048799999999996,"total":0.28048799999999996,"children":null},"WriteActionMask":{"count":36627,"self":0.046341,"total":0.046341,"children":null},"RequestDecision":{"count":36627,"self":0.234233,"total":1.241042,"children":{"AgentInfo.ToProto":{"count":36627,"self":0.24115999999999999,"total":1.006809,"children":{"GenerateSensorData":{"count":36627,"self":0.665346,"total":0.76564899999999991,"children":{"RayPerceptionSensor.Perceive":{"count":36627,"self":0.10030299999999999,"total":0.10030299999999999,"children":null}}}}}}}}},"DecideAction":{"count":183134,"self":180.4911104,"total":180.49111,"children":null},"AgentAct":{"count":183134,"self":0.453353,"total":0.454391,"children":{"AgentInfo.ToProto":{"count":36,"self":0.000237,"total":0.0010379999999999999,"children":{"GenerateSensorData":{"count":36,"self":0.000665,"total":0.000801,"children":{"RayPerceptionSensor.Perceive":{"count":36,"self":0.000136,"total":0.000136,"children":null}}}}}}}},"gauges":{"CarDriver.CumulativeReward":{"count":36,"max":-151.800247,"min":-1206.68835,"runningAverage":-640.5292,"value":-331.200684,"weightedAverage":-581.6901}},"metadata":{"timer_format_version":"0.1.0","start_time_seconds":"1661965955","unity_version":"2021.3.6f1","command_line_arguments":"\/Applications\/Unity\/Hub\/Editor\/2021.3.6f1\/Unity.app\/Contents\/MacOS\/Unity -projectpath \/Users\/monidp\/Desktop\/IR_Project2\/SelfDrivingCars -useHub -hubIPC -cloudEnvironment production -licensingIpc LicenseClient-monidp -hubSessionId 427b7180-2942-11ed-89b0-1da533343cb5 -accessToken JCOw6vj-u4FganiwYyKBlmBvWmkvMIUnmZeQ9Y65g6A001f","communication_protocol_version":"1.5.0","com.unity.ml-agents_version":"2.0.1","scene_name":"MainScene","end_time_seconds":"1661966334"}}